<assembly xmlns="http://maven.apache.org/plugins/maven-assembly-plugin/assembly/1.1.0" 
  xmlns:xsi="http://www.w3.org/2001/XMLSchema-instance"
  xsi:schemaLocation="http://maven.apache.org/plugins/maven-assembly-plugin/assembly/1.1.0 http://maven.apache.org/xsd/assembly-1.1.0.xsd">
  <id>jbi-se</id>
  <formats>
    <format>zip</format>
  </formats>
  <includeBaseDirectory>false</includeBaseDirectory>
  <dependencySets>
    <dependencySet>
      <unpack>false</unpack>
      <scope>runtime</scope>
      <outputDirectory>lib</outputDirectory>
    </dependencySet>
  </dependencySets>
  <fileSets>
    <fileSet>
      <directory>src/main/xsl</directory>
      <outputDirectory>xsl</outputDirectory>
    </fileSet>
  </fileSets>
  <files>
  	<file>
  		<source>src/main/jbi/jbi.xml</source>
  		<outputDirectory>META-INF</outputDirectory>
  		<filtered>true</filtered>
  	</file>
  	<file>
  		<source>src/main/build.xml</source>
  		<outputDirectory>/</outputDirectory>
  		<filtered>false</filtered>
  	</file>
  </files>
</assembly>