<?xml version="1.0" encoding="UTF-8"?>
<PetShopIntention>
    <goals>
        <agent id="PetShop"/>
        <agent id="Product manager"/>
        <agent id="Cart"/>
        <agent id="Account controller"/>
        <agent id="Billing provider"/>
        <agent id="Shipment provider"/>
        <agent id="Order manager"/>
        <agent id="Cart controller"/>
        <goal id="Consult catalogue">
            <supporting agent="PetShop"/>
        </goal>
        <goal id="See pet details">
            <supporting agent="PetShop"/>
            <contribute goal="Consult catalogue"/>
            <contribute goal="Order pets"/>
        </goal>
        <goal id="See pet by search">
            <supporting agent="Product manager"/>
            <contribute goal="Consult catalogue"/>
            <contribute goal="Order pets"/>
        </goal>
        <goal id="See pet by category">
            <supporting agent="Product manager"/>
            <contribute goal="Consult catalogue"/>
            <contribute goal="Order pets"/>
        </goal>
        <goal id="View pet">
            <supporting agent="Product manager"/>
            <contribute goal="Consult catalogue"/>
            <contribute goal="Order pets"/>
        </goal>
        <goal id="Order pets">
            <supporting agent="PetShop"/>
        </goal>
        <goal id="Add pet to cart">
            <supporting agent="Product manager"/>
            <contribute goal="Order pets"/>
        </goal>
        <goal id="Edit cart">
            <supporting agent="Cart"/>
            <contribute goal="Order pets"/>
        </goal>
        <goal id="Edit quantity of item">
            <supporting agent="Cart"/>
            <contribute goal="Order pets"/>
        </goal>
        <goal id="Remove item">
            <supporting agent="Cart"/>
            <contribute goal="Order pets"/>
        </goal>
        <goal id="Review order">
            <supporting agent="PetShop"/>
            <contribute goal="Order pets"/>
        </goal>
        <goal id="Pass authentication">
            <supporting agent="PetShop"/>
            <contribute goal="Order pets"/>
            <contribute goal="Set customer preferences"/>
        </goal>
        <goal id="Register">
            <supporting agent="Account controller"/>
            <contribute goal="Order pets"/>
            <contribute goal="Set customer preferences"/>
        </goal>
        <goal id="Sign in">
            <supporting agent="Account controller"/>
            <contribute goal="Order pets"/>
            <contribute goal="Set customer preferences"/>
        </goal>
        <goal id="Provide billing and shipping information">
            <supporting agent="PetShop"/>
            <contribute goal="Order pets"/>
        </goal>
        <goal id="Validate account">
            <supporting agent="Billing provider"/>
            <contribute goal="Order pets"/>
        </goal>
        <goal id="Process payment">
            <supporting agent="Billing provider"/>
            <contribute goal="Order pets"/>
        </goal>
        <goal id="Place shipment order">
            <supporting agent="Shipment provider"/>
            <contribute goal="Order pets"/>
        </goal>
        <goal id="Save order">
            <supporting agent="Order manager"/>
            <contribute goal="Order pets"/>
        </goal>
        <goal id="Process order">
            <supporting agent="Cart controller"/>
            <contribute goal="Order pets"/>
        </goal>
        <goal id="Get order details">
            <supporting agent="Order manager"/>
        </goal>
        <goal id="Set customer preferences">
            <supporting agent="PetShop"/>
        </goal>
        <goal id="View account info">
            <supporting agent="Account controller"/>
            <contribute goal="Set customer preferences"/>
        </goal>
        <goal id="Edit account info">
            <supporting agent="Account controller"/>
            <contribute goal="Set customer preferences"/>
        </goal>
    </goals>
    <process id="1" text="Consult catalogue" type="activity">
        <strategic goal="Consult catalogue"/>
        <startpoint id="Start point">
            <moveto>Choose way of consulting</moveto>
        </startpoint>
        <action id="Choose way of consulting">
            <contribute goal="See pet details"/>
            <input type="text">
                <message><![CDATA[index.aspx]]></message>
            </input>
            <moveto result="search">See pet by search</moveto>
            <moveto result="category">See pet by category</moveto>
        </action>
        <action id ="See pet by search">
            <contribute goal="See pet by search"/>
            <input type="text">
                <message><![CDATA[0]]></message>
            </input>
            <moveto>Search</moveto>
        </action>
        <ask id="Search" NeptuneFunction="search">
            <contribute goal="See pet by search"/>
            <input type="text">
                <message><![CDATA[0]]></message>
            </input>
            <moveto>Show search results</moveto>
        </ask>
        <action id="Show search results">
            <contribute goal="See pet by search"/>
            <input type="text">
                <message><![CDATA[search.aspx]]></message>
            </input>
            <moveto>View pet</moveto>
        </action>
        <ask id="See pet by category" NeptuneFunction="showCategory">
            <contribute goal="See pet by category"/>
            <input type="text">
                <message><![CDATA[0]]></message>
            </input>
            <moveto>Show category</moveto>
        </ask>
        <action id="Show category">
            <contribute goal="See pet by category"/>
            <input type="text">
                <message><![CDATA[category.aspx]]></message>
            </input>
            <moveto>View pet</moveto>
        </action>
        <ask id="View pet" NeptuneFunction="viewPet">
            <contribute goal="View pet"/>
            <input type="text">
                <message><![CDATA[0]]></message>
            </input>
            <moveto>Show pet</moveto>
        </ask>
        <action id="Show pet">
            <contribute goal="View pet"/>
            <input type="text">
                <message><![CDATA[pet.aspx]]></message>
            </input>
            <moveto>End point</moveto>
        </action>
        <endpoint id="End point"></endpoint>
    </process>
    <process id="2" text="Order pets" type="activity">
        <strategic goal="Order pets"/>
        <startpoint id="Start point">
            <moveto>Choose way of consulting</moveto>
        </startpoint>
        <action id="Choose way of consulting">
            <contribute goal="See pet details"/>
            <input type="text">
                <message><![CDATA[index.aspx]]></message>
            </input>
            <moveto result="search">See pet by search</moveto>
            <moveto result="category">See pet by category</moveto>
        </action>
        <action id ="See pet by search">
            <contribute goal="See pet by search"/>
            <input type="text">
                <message><![CDATA[0]]></message>
            </input>
            <moveto>Search</moveto>
        </action>
        <ask id="Search" NeptuneFunction="search">
            <contribute goal="See pet by search"/>
            <input type="text">
                <message><![CDATA[0]]></message>
            </input>
            <moveto>Show search results</moveto>
        </ask>
        <action id="Show search results">
            <contribute goal="See pet by search"/>
            <input type="text">
                <message><![CDATA[search.aspx]]></message>
            </input>
            <moveto>View pet</moveto>
        </action>
        <ask id="See pet by category" NeptuneFunction="showCategory">
            <contribute goal="See pet by category"/>
            <input type="text">
                <message><![CDATA[0]]></message>
            </input>
            <moveto>Show category</moveto>
        </ask>
        <action id="Show category">
            <contribute goal="See pet by category"/>
            <input type="text">
                <message><![CDATA[category.aspx]]></message>
            </input>
            <moveto>View pet</moveto>
        </action>
        <ask id="View pet" NeptuneFunction="viewPet">
            <contribute goal="View pet"/>
            <input type="text">
                <message><![CDATA[0]]></message>
            </input>
            <moveto>Show pet</moveto>
        </ask>
        <action id="Show pet">
            <contribute goal="View pet"/>
            <input type="text">
                <message><![CDATA[pet.aspx]]></message>
            </input>
            <moveto result="Add to cart">Add to cart</moveto>
            <moveto result="Edit cart">Edit cart</moveto>
        </action>
        <ask id="Add to cart" NeptuneFunction="addToCart">
            <contribute goal="Add pet to cart"/>
            <input type="text">
                <message><![CDATA[0]]></message>
            </input>
            <moveto>Edit cart</moveto>
        </ask>
        <action id="Edit cart">
            <contribute goal="Edit cart"/>
            <input type="text">
                <message><![CDATA[cart.aspx]]></message>
            </input>
            <moveto result="Edit quantity">Edit quantity</moveto>
            <moveto result="Remove item">Remove item</moveto>
            <moveto result="Checkout">Review order</moveto>
        </action>
        <ask id="Edit quantity" NeptuneFunction="editQuantity">
            <contribute goal="Edit quantity of item"/>
            <input type="text">
                <message><![CDATA[0]]></message>
            </input>
            <moveto>Edit cart</moveto>
        </ask>
        <ask id="Remove item" NeptuneFunction="removeItem">
            <contribute goal="Remove item"/>
            <input type="text">
                <message><![CDATA[0]]></message>
            </input>
            <moveto>Edit cart</moveto>
        </ask>
        <action id="Review order">
            <contribute goal="Review order"/>
            <input type="text">
                <message><![CDATA[checkout.aspx]]></message>
            </input>
            <moveto result="Show pet">Show pet</moveto>
            <moveto result="Continue">Pass authentication</moveto>
        </action>
        <ask id="Pass authentication" NeptuneFunction="checkIfSignedIn">
            <contribute goal="Pass authentication"/>
            <input type="text">
                <message><![CDATA[0]]></message>
            </input>
            <moveto result="yes">Provide billing and shipping information</moveto>
            <moveto result="no">Sign in</moveto>
        </ask>
        <action id="Sign in">
            <contribute goal="Sign in"/>
            <input type="text">
                <message><![CDATA[signin.aspx]]></message>
            </input>
            <moveto result="Sign in">Do sign in</moveto>
            <moveto result="Register">Register</moveto>
        </action>
        <ask id="Do sign in" NeptuneFunction="doSignIn">
            <contribute goal="Sign in"/>
            <input type="text">
                <message><![CDATA[0]]></message>
            </input>
            <moveto result="success">Provide billing and shipping information</moveto>
            <moveto result="failure">Sign in</moveto>
        </ask>
        <action id="Register">
            <contribute goal="Register"/>
            <input type="text">
                <message><![CDATA[register.aspx]]></message>
            </input>
            <moveto>Provide billing and shipping information</moveto>
        </action>
        <action id="Provide billing and shipping information">
            <contribute goal="Provide billing and shipping information"/>
            <input type="text">
                <message><![CDATA[OrderBilling.aspx]]></message>
            </input>
            <moveto>Confirm billing and shipping information</moveto>
        </action>
        <action id="Confirm billing and shipping information">
            <contribute goal="Provide billing and shipping information"/>
            <input type="text">
                <message><![CDATA[ConfirmBilling.aspx]]></message>
            </input>
            <moveto>Validate account</moveto>
        </action>
        <ask id="Validate account" NeptuneFunction="validateAccount">
            <contribute goal="Validate account"/>
            <input type="text">
                <message><![CDATA[0]]></message>
            </input>
            <moveto result="success">Process payment</moveto>
            <moveto result="failure">Provide billing and shipping information</moveto>
        </ask>
        <ask id="Process payment" NeptuneFunction="processPayment">
            <contribute goal="Process payment"/>
            <input type="text">
                <message><![CDATA[0]]></message>
            </input>
            <moveto result="success">Place shipment order</moveto>
            <moveto result="failure">Provide billing and shipping information</moveto>
        </ask>
        <ask id="Place shipment order" NeptuneFunction="placeShipmentOrder">
            <contribute goal="Place shipment order"/>
            <input type="text">
                <message><![CDATA[0]]></message>
            </input>
            <moveto>Save order</moveto>
        </ask>
        <ask id="Save order" NeptuneFunction="saveOrder">
            <contribute goal="Save order"/>
            <input type="text">
                <message><![CDATA[0]]></message>
            </input>
            <moveto>Order complete</moveto>
        </ask>
        <action id="Order complete">
            <contribute goal="Process order"/>
            <input type="text">
                <message><![CDATA[0]]></message>
            </input>
            <moveto>End point</moveto>
        </action>
        <endpoint id="End point"></endpoint>
    </process>
    <process id="3" text="Get order details" type="activity">
        <strategic goal="Get order details"/>
        <startpoint id="Start point">
            <moveto>Get order details</moveto>
        </startpoint>
        <ask id="Get order details" NeptuneFunction="getOrderDetails">
            <contribute goal="Get order details"/>
            <input type="text">
                <message><![CDATA[0]]></message>
            </input>
            <moveto>End point</moveto>
        </ask>
        <endpoint id="End point"></endpoint>
    </process>
    <process id="4" text="Set customer preferences" type="activity">
        <strategic goal="Set customer preferences"/>
        <startpoint id="Start point">
            <moveto>Pass authentication</moveto>
        </startpoint>
        <ask id="Pass authentication" NeptuneFunction="checkIfSignedIn">
            <contribute goal="Pass authentication"/>
            <input type="text">
                <message><![CDATA[0]]></message>
            </input>
            <moveto result="yes">View account info</moveto>
            <moveto result="no">Sign in</moveto>
        </ask>
        <action id="Sign in">
            <contribute goal="Sign in"/>
            <input type="text">
                <message><![CDATA[signin.aspx]]></message>
            </input>
            <moveto result="Sign in">Do sign in</moveto>
            <moveto result="Register">Register</moveto>
        </action>
        <ask id="Do sign in" NeptuneFunction="doSignIn">
            <contribute goal="Sign in"/>
            <input type="text">
                <message><![CDATA[0]]></message>
            </input>
            <moveto result="success">View account info</moveto>
            <moveto result="failure">Sign in</moveto>
        </ask>
        <action id="Register">
            <contribute goal="Register"/>
            <input type="text">
                <message><![CDATA[register.aspx]]></message>
            </input>
            <moveto>View account info</moveto>
        </action>
        <action id="View account info">
            <contribute goal="View account info"/>
            <input type="text">
                <message><![CDATA[account.aspx]]></message>
            </input>
            <moveto result="edit">Edit account info</moveto>
            <moveto result="finish">End point</moveto>
        </action>
        <ask id="Edit account info" NeptuneFunction="editAccountInfo">
            <contribute goal="Edit account info"/>
            <input type="text">
                <message><![CDATA[0]]></message>
            </input>
            <moveto>View account info</moveto>
        </ask>
        <endpoint id="End point"></endpoint>
    </process>
    <process id="5" text="Use case identification" type="nblo">
        <nblo name="_defaultGUI" type="gui" image="ask" text="Please choose one of the following tasks"/>
        <nblo name="useCaseIdentification" type="singlechoicelist" text="a. Do you want to">
            <option value="1">Consult catalogue</option>
            <option value="2">Order pets</option>
            <option value="3">Get order details</option>
            <option value="4">Set customer preferences</option>
        </nblo>
        <conditional var="useCaseIdentification" equator="=" value="Consult catalogue" moveto="1"/>
        <conditional var="useCaseIdentification" equator="=" value="Order pets" moveto="2"/>
        <conditional var="useCaseIdentification" equator="=" value="Get order details" moveto="3"/>
        <conditional var="useCaseIdentification" equator="=" value="Set customer preferences" moveto="4"/>
    </process>
</PetShopIntention>
