<assembly xmlns="http://maven.apache.org/plugins/maven-assembly-plugin/assembly/1.1.0" 
  xmlns:xsi="http://www.w3.org/2001/XMLSchema-instance"
  xsi:schemaLocation="http://maven.apache.org/plugins/maven-assembly-plugin/assembly/1.1.0 http://maven.apache.org/xsd/assembly-1.1.0.xsd">
  <id>jbi-sa</id>
  <formats>
    <format>zip</format>
  </formats>
  <includeBaseDirectory>false</includeBaseDirectory>
  <fileSets>
  </fileSets>
  <files>
  	<file>
  		<source>src/jbi/jbi.xml</source>
  		<outputDirectory>META-INF</outputDirectory>
  		<filtered>true</filtered>
  	</file>
  	<file>
  		<source>target/sun-file-binding-su.zip</source>
  		<outputDirectory>/</outputDirectory>
  		<destName>sun-file-binding.jar</destName>
  	</file>
  </files>
</assembly>